code,company_name,keyword
AALI,PT Astra Agro Lestari Tbk,astra agro lestari
ABBA,PT Mahaka Media Tbk,mahaka media
ABDA,PT Asuransi Bina Dana Arta Tbk,asuransi bina dana arta
ABMM,PT ABM Investama Tbk,abm investama
ACES,PT Ace Hardware Indonesia Tbk,ace hardware indonesia
ACST,PT Acset Indonusa Tbk,acset indonusa
ADES,PT Akasha Wira International Tbk,akasha wira international
ADHI,PT Adhi Karya,adhi karya
ADMF,PT Adira Dinamika Multi Finance Tbk,adira dinamika multi finance
ADMG,PT. Polychem Indonesia Tbk,pt. polychem indonesia
ADRO,PT Adaro Energy Tbk,adaro energy
AGAR,PT Asia Sejahtera Mina Tbk,asia sejahtera mina
AGII,PT Aneka Gas Industri Tbk,aneka gas industri
AGRO,PT Bank Rakyat Indonesia Agroniaga Tbk,bank rakyat indonesia agroniaga;bank raya indonesia
AGRS,PT Bank IBK Indonesia Tbk,bank ibk indonesia
AHAP,PT Asuransi Harta Aman Pratama Tbk,asuransi harta aman pratama
AIMS,PT Akbar Indo Makmur Stimec Tbk,akbar indo makmur stimec
AISA,PT FKS Food Sejahtera Tbk,fks food sejahtera
AKKU,PT Anugerah Kagum Karya Utama Tbk,anugerah kagum karya utama
AKPI,PT Argha Karya Prima Industry Tbk,argha karya prima industry
AKRA,PT AKR Corporindo Tbk,akr corporindo
AKSI,PT Maming Enam Sembilan Mineral Tbk,maming enam sembilan mineral
ALDO,PT Alkindo Naratama Tbk,alkindo naratama
ALKA,PT Alakasa Industrindo Tbk,alakasa industrindo
ALMI,PT Alumindo Light Metal Industry Tbk,alumindo light metal industry
ALTO,PT Tri Banyan Tirta Tbk,tri banyan tirta
AMAG,PT Asuransi Multi Artha Guna Tbk,asuransi multi artha guna
AMAN,PT Makmur Berkah Amanda Tbk,makmur berkah amanda
AMAR,PT Bank Amar Indonesia Tbk,bank amar indonesia;amar bank
AMFG,PT Asahimas Flat Glass Tbk,asahimas flat glass
AMIN,PT Ateliers Mecaniques D'Indonesie Tbk,ateliers mecaniques d'indonesie
AMOR,PT Ashmore Asset Management Indonesia Tbk,ashmore asset management indonesia
AMRT,PT Sumber Alfaria Trijaya Tbk,sumber alfaria trijaya
ANDI,PT Andira Agro Tbk,andira agro
ANJT,PT Austindo Nusantara Jaya Tbk,austindo nusantara jaya
ANTM,PT Aneka Tambang Tbk,aneka tambang
APEX,PT Apexindo Pratama Duta Tbk,apexindo pratama duta
APIC,PT Pacific Strategic Financial Tbk,pacific strategic financial
APII,PT Arita Prima Indonesia Tbk,arita prima indonesia
APLI,PT Asiaplast Industries Tbk,asiaplast industries
APLN,PT Agung Podomoro Land Tbk,agung podomoro land
ARCI,PT Archi Indonesia Tbk,archi indonesia
ARGO,PT Argo Pantes Tbk,argo pantes
ARII,PT Atlas Resources Tbk,atlas resources
ARKA,PT Arkha Jayanti Persada Tbk,arkha jayanti persada
ARMY,PT Armidian Karyatama Tbk,armidian karyatama
ARNA,PT Arwana Citramulia Tbk,arwana citramulia
ARTA,PT Arthavest Tbk,arthavest
ARTI,PT Ratu Prabu Energi Tbk,ratu prabu energi
ARTO,PT Bank Jago Tbk,bank jago
ASBI,PT Asuransi Bintang Tbk,asuransi bintang
ASDM,PT Asuransi Dayin Mitra Tbk,asuransi dayin mitra
ASGR,PT Astra Graphia Tbk,astra graphia
ASII,PT Astra International Tbk,astra international
ASJT,PT Asuransi Jasa Tania Tbk,asuransi jasa tania
ASMI,PT Asuransi Kresna Mitra Tbk,asuransi kresna mitra
ASPI,"PT Andalan Sakti Primaindo, Tbk","andalan sakti primaindo,"
ASRI,PT Alam Sutera Realty Tbk,alam sutera realty
ASRM,PT Asuransi Ramayana Tbk,asuransi ramayana
ASSA,PT Adi Sarana Armada Tbk,adi sarana armada
ATAP,PT Trimitra Prawara Goldland Tbk,trimitra prawara goldland
ATIC,PT Anabatic Technologies Tbk,anabatic technologies
AUTO,PT Astra Otoparts Tbk,astra otoparts
AVIA,Avia Avian Tbk,avia avian
AYLS,PT Agro Yasa Lestari Tbk,agro yasa lestari
BABP,PT Bank MNC Internasional Tbk,bank mnc internasional
BACA,PT Bank Capital Indonesia Tbk,bank capital indonesia
BAJA,PT Saranacentral Bajatama Tbk,saranacentral bajatama
BALI,PT Bali Towerindo Sentra Tbk,bali towerindo sentra
BANK,PT Bank Aladin Syariah Tbk,bank aladin syariah
BAPA,PT Bekasi Asri Pemula Tbk,bekasi asri pemula
BAPI,PT Bhakti Agung Propertindo Tbk,bhakti agung propertindo
BATA,PT Sepatu Bata Tbk,sepatu bata
BAYU,PT Bayu Buana Tbk,bayu buana
BBCA,PT Bank Central Asia Tbk,bank central asia;bank bca
BBHI,PT Allo Bank Indonesia Tbk,allo bank indonesia
BBKP,PT Bank KB Bukopin Tbk,bank kb bukopin
BBLD,PT Buana Finance Tbk,buana finance
BBMD,PT Bank Mestika Dharma Tbk,bank mestika dharma
BBNI,PT Bank Negara Indonesia,bank negara indonesia
BBRI,PT Bank Rakyat Indonesia,bank rakyat indonesia
BBRM,PT Pelayaran Nasional Bina Buana Raya Tbk,pelayaran nasional bina buana raya
BBSI,PT Bank Bisnis Internasional Tbk,bank bisnis internasional
BBSS,PT Bumi Benowo Sukses Sejahtera Tbk,bumi benowo sukses sejahtera
BBTN,PT Bank Tabungan Negara,bank tabungan negara
BBYB,PT Bank Neo Commerce Tbk,bank neo commerce
BCAP,PT MNC Kapital Indonesia Tbk,mnc kapital indonesia
BCIC,PT Bank JTrust Indonesia Tbk,bank jtrust indonesia
BCIP,PT Bumi Citra Permai Tbk,bumi citra permai
BDMN,PT Bank Danamon Indonesia Tbk,bank danamon indonesia
BEBS,PT Berkah Beton Sadaya Tbk,berkah beton sadaya
BEEF,PT Estika Tata Tiara Tbk,estika tata tiara
BEKS,PT Bank Pembangunan Daerah Banten Tbk,bank pembangunan daerah banten
BELL,PT Trisula Textile Industries Tbk,trisula textile industries
BESS,PT Batulicin Nusantara Maritim Tbk,batulicin nusantara maritim
BEST,PT Bekasi Fajar Industrial Estate Tbk,bekasi fajar industrial estate
BFIN,PT BFI Finance Indonesia Tbk,bfi finance indonesia
BGTG,PT Bank Ganesha Tbk,bank ganesha
BHAT,PT Bhakti Multi Artha Tbk,bhakti multi artha
BHIT,PT MNC Investama Tbk,mnc investama
BIKA,PT Binakarya Jaya Abadi Tbk,binakarya jaya abadi
BIMA,PT Primarindo Asia Infrastructure Tbk.,primarindo asia infrastructure.
BINA,PT Bank Ina Perdana Tbk,bank ina perdana
BINO,Perma Plasindo Tbk,perma plasindo
BIPI,PT Astrindo Nusantara Infrastruktur Tbk,astrindo nusantara infrastruktur
BIPP,PT Bhuwanatala Indah Permai Tbk,bhuwanatala indah permai
BIRD,PT Blue Bird Tbk,blue bird
BISI,PT BISI International Tbk,bisi international
BJBR,PT Bank Pembangunan Daerah Jawa Barat dan Banten Tbk,bank pembangunan daerah jawa barat dan banten
BJTM,PT Bank Pembangunan Daerah Jawa Timur Tbk,bank pembangunan daerah jawa timur
BKDP,PT Bukit Darmo Property Tbk,bukit darmo property
BKSL,PT Sentul City Tbk,sentul city
BKSW,PT Bank QNB Indonesia Tbk,bank qnb indonesia
BLTA,PT Berlian Laju Tanker Tbk,berlian laju tanker
BLTZ,PT Graha Layar Prima Tbk,graha layar prima
BLUE,PT Berkah Prima Perkasa Tbk,berkah prima perkasa
BMAS,PT Bank Maspion Indonesia Tbk,bank maspion indonesia
BMHS,PT Bundamedik Tbk,bundamedik
BMRI,PT Bank Mandiri,bank mandiri
BMSR,PT Bintang Mitra Semestaraya Tbk,bintang mitra semestaraya
BMTR,PT Global Mediacom Tbk,global mediacom
BNBA,PT Bank Bumi Arta Tbk,bank bumi arta
BNBR,PT Bakrie & Brothers Tbk,bakrie & brothers
BNGA,PT Bank CIMB Niaga Tbk,bank cimb niaga
BNII,PT Bank Maybank Indonesia Tbk,bank maybank indonesia
BNLI,PT Bank Permata Tbk,bank permata
BOBA,PT Formosa Ingredient Factory Tbk,formosa ingredient factory
BOGA,PT Bintang Oto Global Tbk,bintang oto global
BOLA,PT Bali Bintang Sejahtera Tbk,bali bintang sejahtera
BOLT,PT Garuda Metalindo Tbk,garuda metalindo
BOSS,PT Borneo Olah Sarana Sukses Tbk,borneo olah sarana sukses
BPFI,PT Batavia Prosperindo Finance Tbk,batavia prosperindo finance
BPII,PT Batavia Prosperindo Internasional Tbk,batavia prosperindo internasional
BPTR,PT Batavia Prosperindo Trans Tbk,batavia prosperindo trans
BRAM,PT Indo Kordsa Tbk,indo kordsa
BRIS,PT Bank Syariah Indonesia Tbk,bank syariah indonesia
BRMS,PT Bumi Resources Minerals Tbk,bumi resources minerals
BRNA,PT Berlina Tbk,berlina
BRPT,PT Barito Pacific Tbk,barito pacific
BSDE,PT Bumi Serpong Damai Tbk,bumi serpong damai
BSIM,PT Bank Sinarmas Tbk,bank sinarmas
BSML,PT Bintang Samudera Mandiri Lines Tbk,bintang samudera mandiri lines
BSSR,PT Baramulti Suksessarana Tbk,baramulti suksessarana
BSWD,PT Bank of India Indonesia Tbk,bank of india indonesia
BTEK,PT Bumi Teknokultura Unggul Tbk,bumi teknokultura unggul
BTEL,PT Bakrie Telecom Tbk,bakrie telecom
BTON,PT Betonjaya Manunggal Tbk,betonjaya manunggal
BTPN,PT Bank BTPN Tbk,bank btpn
BTPS,PT Bank BTPN Syariah Tbk,bank btpn syariah
BUDI,PT Budi Starch & Sweetener Tbk,budi starch & sweetener
BUKA,PT Bukalapak.com Tbk,bukalapak.com;bukalapak
BUKK,PT Bukaka Teknik Utama Tbk,bukaka teknik utama
BULL,PT Buana Lintas Lautan Tbk,buana lintas lautan
BUMI,PT Bumi Resources Tbk,bumi resources
BUVA,PT Bukit Uluwatu Villa Tbk,bukit uluwatu villa
BVIC,PT Bank Victoria International Tbk,bank victoria international
BWPT,PT Eagle High Plantations Tbk,eagle high plantations
BYAN,PT Bayan Resources Tbk,bayan resources
CAKK,PT Cahayaputra Asa Keramik Tbk,cahayaputra asa keramik
CAMP,PT Campina Ice Cream Industry Tbk,campina ice cream industry
CANI,PT Capitol Nusantara Indonesia Tbk,capitol nusantara indonesia
CARE,PT Metro Healthcare Indonesia Tbk,metro healthcare indonesia
CARS,PT Industri dan Perdagangan Bintraco Dharma Tbk,industri dan perdagangan bintraco dharma
CASA,PT Capital Financial Indonesia Tbk,capital financial indonesia
CASH,PT Cashlez Worldwide Indonesia Tbk,cashlez worldwide indonesia
CASS,PT Cardig Aero Services Tbk,cardig aero services
CBMF,PT Cahaya Bintang Medan Tbk,cahaya bintang medan
CCSI,PT Communication Cable Systems Indonesia Tbk,communication cable systems indonesia
CEKA,PT Wilmar Cahaya Indonesia Tbk.,wilmar cahaya indonesia.
CENT,PT Centratama Telekomunikasi Indonesia Tbk,centratama telekomunikasi indonesia
CFIN,PT Clipan Finance Indonesia Tbk,clipan finance indonesia
CINT,PT Chitose Internasional Tbk,chitose internasional
CITA,PT Cita Mineral Investindo Tbk,cita mineral investindo
CITY,PT Natura City Developments Tbk,natura city developments
CLAY,PT Citra Putra Realty Tbk,citra putra realty
CLEO,PT Sariguna Primatirta Tbk,sariguna primatirta
CLPI,PT Colorpak Indonesia Tbk,colorpak indonesia
CMNP,PT Citra Marga Nusaphala Persada Tbk,citra marga nusaphala persada
CMNT,PT Cemindo Gemilang Tbk,cemindo gemilang
CMRY,Cisarua Mountain Dairy Tbk,cisarua mountain dairy
CNKO,PT Exploitasi Energi Indonesia Tbk,exploitasi energi indonesia
CNTX,PT Century Textile Industry Tbk,century textile industry
COCO,PT Wahana Interfood Nusantara Tbk,wahana interfood nusantara
COWL,PT Cowell Development Tbk,cowell development
CPIN,PT Charoen Pokphand Indonesia Tbk,charoen pokphand indonesia
CPRI,PT Capri Nusa Satu Properti Tbk,capri nusa satu properti
CPRO,PT Central Proteina Prima Tbk,central proteina prima
CSAP,PT Catur Sentosa Adiprana Tbk,catur sentosa adiprana
CSIS,PT Cahayasakti Investindo Sukses Tbk,cahayasakti investindo sukses
CSMI,PT Cipta Selera Murni Tbk,cipta selera murni
CSRA,PT Cisadane Sawit Raya Tbk,cisadane sawit raya
CTBN,PT Citra Tubindo Tbk,citra tubindo
CTRA,PT Ciputra Development Tbk,ciputra development
CTTH,PT Citatah Tbk,citatah
DADA,PT Diamond Citra Propertindo Tbk,diamond citra propertindo
DART,PT Duta Anggada Realty Tbk ,duta anggada realty
DAYA,PT Duta Intidaya Tbk,duta intidaya
DCII,PT DCI Indonesia Tbk,dci indonesia
DEAL,PT Dewata Freightinternational Tbk,dewata freightinternational
DEFI,PT Danasupra Erapacific Tbk,danasupra erapacific
DEPO,Caturkarda Depo Bangunan Tbk,caturkarda depo bangunan
DEWA,PT Darma Henwa Tbk,darma henwa
DFAM,PT Dafam Property Indonesia Tbk,dafam property indonesia
DGIK,PT Nusa Konstruksi Enjiniring Tbk,nusa konstruksi enjiniring
DGNS,PT Diagnos Laboratorium Utama Tbk,diagnos laboratorium utama
DIGI,PT Arkadia Digital Media Tbk,arkadia digital media
DILD,PT Intiland Development Tbk,intiland development
DIVA,PT Distribusi Voucher Nusantara Tbk,distribusi voucher nusantara
DKFT,PT Central Omega Resources Tbk,central omega resources
DLTA,PT Delta Djakarta Tbk,delta djakarta
DMAS,PT Puradelta Lestari Tbk,puradelta lestari
DMMX,PT Digital Mediatama Maxima Tbk,digital mediatama maxima
DMND,PT Diamond Food Indonesia Tbk,diamond food indonesia
DNAR,PT Bank Oke Indonesia Tbk,bank oke indonesia
DNET,PT Indoritel Makmur Internasional Tb,indoritel makmur internasional
DOID,PT Delta Dunia Makmur Tbk,delta dunia makmur
DPNS,PT Duta Pertiwi Nusantara Tbk,duta pertiwi nusantara
DPUM,PT Dua Putra Utama Makmur Tbk,dua putra utama makmur
DSFI,PT Dharma Samudera Fishing Industries Tbk,dharma samudera fishing industries
DSNG,PT Dharma Satya Nusantara Tbk,dharma satya nusantara
DSSA,PT Dian Swastatika Sentosa Tbk,dian swastatika sentosa
DUCK,PT Jaya Bersama Indo Tbk,jaya bersama indo
DUTI,PT Duta Pertiwi Tbk,duta pertiwi
DVLA,PT Darya-Varia Laboratoria Tbk,darya-varia laboratoria;darya varia laboratoria
DWGL,PT Dwi Guna Laksana Tbk,dwi guna laksana
DYAN,PT Dyandra Media International Tbk,dyandra media international
EAST,PT Eastparc Hotel Tbk,eastparc hotel
ECII,PT Electronic City Indonesia Tbk,electronic city indonesia
EDGE,PT Indointernet Tbk,indointernet.
EKAD,PT Ekadharma International Tbk,ekadharma international
ELSA,PT Elnusa Tbk,elnusa
ELTY,PT Bakrieland Development Tbk,bakrieland development
EMDE,PT Megapolitan Developments Tbk,megapolitan developments
EMTK,PT Elang Mahkota Teknologi Tbk,elang mahkota teknologi
ENRG,PT Energi Mega Persada Tbk,energi mega persada
ENVY,PT Envy Technologies Indonesia Tbk,envy technologies indonesia
ENZO,PT Morenzo Abadi Perkasa Tbk,morenzo abadi perkasa
EPAC,PT Megalestari Epack Sentosaraya Tbk,megalestari epack sentosaraya
EPMT,PT Enseval Putera Megatrading Tbk,enseval putera megatrading
ERAA,PT Erajaya Swasembada Tbk,erajaya swasembada
ERTX,PT Eratex Djaja Tbk,eratex djaja
ESIP,PT Sinergi Inti Plastindo Tbk,sinergi inti plastindo
ESSA,PT Surya Esa Perkasa Tbk,surya esa perkasa
ESTA,PT Esta Multi Usaha Tbk,esta multi usaha
ESTI,PT Ever Shine Tex Tbk,ever shine tex
ETWA,PT Eterindo Wahanatama Tbk,eterindo wahanatama
EXCL,PT XL Axiata Tbk,xl axiata
FAPA,PT FAP Agri Tbk,fap agri
FAST,PT Fast Food Indonesia Tbk,fast food indonesia
FASW,PT Fajar Surya Wisesa Tbk,fajar surya wisesa
FILM,PT MD Pictures Tbk,md pictures
FIMP,PT Fimperkasa Utama Tbk,fimperkasa utama
FIRE,PT Alfa Energi Investama Tbk,alfa energi investama
FISH,PT FKS Multi Agro Tbk,fks multi agro
FITT,PT Hotel Fitra International Tbk,hotel fitra international
FLMC,PT Falmaco Nonwoven Industri Tbk,falmaco nonwoven industri
FMII,PT Fortune Mate Indonesia Tbk,fortune mate indonesia
FOOD,PT Sentra Food Indonesia Tbk,sentra food indonesia
FORU,PT Fortune Indonesia Tbk,fortune indonesia
FORZ,PT Forza Land Indonesia Tbk,forza land indonesia
FPNI,PT Lotte Chemical Titan Tbk,lotte chemical titan
FREN,PT Smartfren Telecom Tbk,smartfren telecom
FUJI,PT Fuji Finance Indonesia Tbk,fuji finance indonesia
GAMA,PT Aksara Global Development Tbk,aksara global development
GDST,PT Gunawan Dianjaya Steel Tbk,gunawan dianjaya steel
GDYR,PT Goodyear Indonesia Tbk,goodyear indonesia
GEMA,PT Gema Grahasarana Tbk,gema grahasarana
GEMS,PT Golden Energy Mines Tbk,golden energy mines
GGRM,PT Gudang Garam Tbk,gudang garam
GGRP,PT Gunung Raja Paksi Tbk,gunung raja paksi
GHON,PT Gihon Telekomunikasi Indonesia Tbk,gihon telekomunikasi indonesia
GIAA,PT Garuda Indonesia,garuda indonesia
GJTL,PT Gajah Tunggal Tbk,gajah tunggal
GLOB,PT Globe Kita Terang Tbk,globe kita terang
GLVA,PT Galva Technologies Tbk,galva technologies
GMFI,PT Garuda Maintenance Facility Aero Asia Tbk,garuda maintenance facility aero asia
GMTD,PT Gowa Makassar Tourism Development Tbk,gowa makassar tourism development
GOLD,PT Visi Telekomunikasi Infrastruktur Tbk,visi telekomunikasi infrastruktur
GOLL,PT Golden Plantation Tbk,golden plantation
GOOD,PT Garudafood Putra Putri Jaya Tbk,garudafood putra putri jaya
GPRA,PT Perdana Gapuraprima Tbk,perdana gapuraprima
GPSO,PT Geoprima Solusi Tbk,geoprima solusi
GSMF,PT Equity Development Investment Tbk,equity development investment
GTBO,PT Garda Tujuh Buana Tbk,garda tujuh buana
GTSI,PT GTS Internasional Tbk,gts internasional
GWSA,PT Greenwood Sejahtera Tbk,greenwood sejahtera
GZCO,PT Gozco Plantations Tbk,gozco plantations
HADE,PT Himalaya Energi Perkasa Tbk,himalaya energi perkasa
HAIS,PT Hasnur Internasional Shipping Tbk,hasnur internasional shipping
HDFA,PT Radana Bhaskara Finance Tbk,radana bhaskara finance
HDIT,PT Hensel Davest Indonesia Tbk,hensel davest indonesia
HDTX,PT Panasia Indo Resources Tbk,panasia indo resources
HEAL,PT Medikaloka Hermina Tbk,medikaloka hermina
HELI,PT Jaya Trishindo Tbk,jaya trishindo
HERO,PT Hero Supermarket Tbk,hero supermarket
HEXA,PT Hexindo Adiperkasa Tbk,hexindo adiperkasa
HITS,PT Humpuss Intermoda Transportasi Tbk,humpuss intermoda transportasi
HKMU,PT HK Metals Utama Tbk,hk metals utama
HMSP,PT Hanjaya Mandala Sampoerna Tbk,hanjaya mandala sampoerna
HOKI,PT Buyung Poetra Sembada Tbk,buyung poetra sembada
HOME,PT Hotel Mandarine Regency Tbk,hotel mandarine regency
HOMI,PT Grand House Mulia Tbk,grand house mulia
HOPE,PT Harapan Duta Pertiwi Tbk,harapan duta pertiwi
HOTL,PT Saraswati Griya Lestari Tbk,saraswati griya lestari
HRME,PT Menteng Heritage Realty Tbk,menteng heritage realty
HRTA,PT Hartadinata Abadi Tbk,hartadinata abadi
HRUM,PT Harum Energy Tbk,harum energy
IATA,PT Indonesia Transport & Infrastructure Tbk,indonesia transport & infrastructure
IBFN,PT Intan Baruprana Finance Tbk,intan baruprana finance
IBST,Inti Bangun Sejahtera Tbk,inti bangun sejahtera
ICBP,PT Indofood CBP Sukses Makmur Tbk,indofood cbp sukses makmur
ICON,PT Island Concepts Indonesia Tbk,island concepts indonesia
IDEA,PT Idea Indonesia Akademi Tbk,idea indonesia akademi
IDPR,PT Indonesia Pondasi Raya Tbk,indonesia pondasi raya
IFII,PT Indonesia Fibreboard Industry Tbk,indonesia fibreboard industry
IFSH,PT Ifishdeco Tbk,ifishdeco
IGAR,PT Champion Pacific Indonesia Tbk,champion pacific indonesia
IIKP,PT Inti Agri Resources Tbk,inti agri resources
IKAI,PT Intikeramik Alamasri Industri Tbk,intikeramik alamasri industri
IKAN,PT Era Mandiri Cemerlang Tbk,era mandiri cemerlang
IKBI,PT Sumi Indo Kabel Tbk,sumi indo kabel
IMAS,PT Indomobil Sukses Internasional Tbk,indomobil sukses internasional
IMJS,PT Indomobil Multi Jasa Tbk,indomobil multi jasa
IMPC,PT Impack Pratama Industri Tbk,impack pratama industri
INAF,PT Indofarma Tbk,indofarma
INAI,PT Indal Aluminium Industry Tbk,indal aluminium industry
INCF,PT Indo Komoditi Korpora Tbk,indo komoditi korpora
INCI,PT Intanwijaya Internasional Tbk,intanwijaya internasional
INCO,PT Vale Indonesia Tbk,vale indonesia
INDF,PT Indofood Sukses Makmur Tbk,indofood sukses makmur
INDO,PT Royalindo Investa Wijaya Tbk,royalindo investa wijaya
INDR,PT Indo-Rama Synthetics Tbk,indo-rama synthetics;indo rama synthetics
INDS,PT Indospring Tbk,indospring
INDX,PT Tanah Laut Tbk,tanah laut
INDY,PT Indika Energy Tbk,indika energy
INKP,PT Indah Kiat Pulp & Paper Tbk,indah kiat pulp & paper
INOV,PT Inocycle Technology Group Tbk,inocycle technology group
INPC,PT Bank Artha Graha Internasional Tbk,bank artha graha internasional
INPP,PT Indonesian Paradise Property Tbk,indonesian paradise property
INPS,PT Indah Prakasa Sentosa Tbk,indah prakasa sentosa
INRU,PT Toba Pulp Lestari Tbk,toba pulp lestari
INTA,PT Intraco Penta Tbk,intraco penta
INTD,PT Inter Delta Tbk,inter delta
INTP,PT Indocement Tunggal Prakarsa Tbk,indocement tunggal prakarsa
IPAC,PT Era Graharealty Tbk,era graharealty
IPCC,PT Indonesia Kendaraan Terminal Tbk,indonesia kendaraan terminal
IPCM,PT Jasa Armada Indonesia Tbk,jasa armada indonesia
IPOL,PT Indopoly Swakarsa Industry Tbk,indopoly swakarsa industry
IPPE,Indo Pureco Pratama Tbk,indo pureco pratama
IPTV,PT MNC Vision Networks Tbk,mnc vision networks
IRRA,PT Itama Ranoraya Tbk,itama ranoraya
ISAT,PT Indosat Tbk,indosat
ISSP,PT Steel Pipe Industry of Indonesia Tbk,steel pipe industry of indonesia
ITIC,PT Indonesian Tobacco Tbk,indonesian tobacco
ITMA,PT Sumber Energi Andalan Tbk,sumber energi andalan
ITMG,PT Indo Tambangraya Megah Tbk,indo tambangraya megah
JAST,PT Jasnita Telekomindo Tbk,jasnita telekomindo
JAWA,PT Jaya Agra Wattie Tbk,jaya agra wattie
JAYA,PT Armada Berjaya Trans Tbk,armada berjaya trans
JECC,PT Jembo Cable Company Tbk,jembo cable company
JGLE,PT Graha Andrasentra Propertindo Tbk,graha andrasentra propertindo
JIHD,PT Jakarta International Hotels & Development Tbk,jakarta international hotels & development
JKON,PT Jaya Konstruksi Manggala Pratama Tbk,jaya konstruksi manggala pratama
JKSW,PT Jakarta Kyoei Steel Works Tbk,jakarta kyoei steel works
JMAS,PT Asuransi Jiwa Syariah Jasa Mitra Abadi Tbk,asuransi jiwa syariah jasa mitra abadi
JPFA,PT Japfa Comfeed Indonesia Tbk,japfa comfeed indonesia
JRPT,PT Jaya Real Property Tbk,jaya real property
JSKY,PT Sky Energy Indonesia Tbk,sky energy indonesia
JSMR,PT Jasa Marga,jasa marga
JSPT,PT Jakarta Setiabudi Internasional Tbk,jakarta setiabudi internasional
JTPE,PT Jasuindo Tiga Perkasa Tbk,jasuindo tiga perkasa
KAEF,PT Kimia Farma,kimia farma
KARW,PT ICTSI Jasa Prima Tbk,ictsi jasa prima
KAYU,PT Darmi Bersaudara Tbk,darmi bersaudara
KBAG,PT Karya Bersama Anugerah Tbk,karya bersama anugerah
KBLI,PT KMI Wire and Cable Tbk,kmi wire and cable
KBLM,PT Kabelindo Murni Tbk,kabelindo murni
KBLV,PT First Media Tbk,first media
KBRI,PT Kertas Basuki Rachmat Indonesia Tbk,kertas basuki rachmat indonesia
KDSI,PT Kedawung Setia Industrial Tbk,kedawung setia industrial
KEEN,PT Kencana Energi Lestari Tbk,kencana energi lestari
KEJU,PT Mulia Boga Raya Tbk,mulia boga raya
KIAS,PT Keramika Indonesia Assosiasi Tbk,keramika indonesia assosiasi
KICI,PT Kedaung Indah Can Tbk,kedaung indah can
KIJA,PT Kawasan Industri Jababeka Tbk,kawasan industri jababeka
KINO,PT Kino Indonesia Tbk,kino indonesia
KIOS,PT Kioson Komersial Indonesia Tbk,kioson komersial indonesia
KJEN,PT Krida Jaringan Nusantara Tbk,krida jaringan nusantara
KKGI,PT Resource Alam Indonesia Tbk,resource alam indonesia
KLBF,PT Kalbe Farma Tbk,kalbe farma
KMDS,PT Kurniamitra Duta Sentosa Tbk,kurniamitra duta sentosa
KMTR,PT Kirana Megatara Tbk,kirana megatara
KOBX,PT Kobexindo Tractors Tbk,kobexindo tractors
KOIN,PT Kokoh Inti Arebama Tbk,kokoh inti arebama
KONI,PT Perdana Bangun Pusaka Tbk,perdana bangun pusaka
KOPI,PT Mitra Energi Persada Tbk,mitra energi persada
KOTA,PT DMS Propertindo Tbk,dms propertindo
KPAL,PT Steadfast Marine Tbk,steadfast marine
KPAS,PT Cottonindo Ariesta Tbk,cottonindo ariesta
KPIG,PT MNC Land Tbk,mnc land
KRAH,PT Grand Kartech Tbk,grand kartech
KRAS,PT Krakatau Steel,krakatau steel
KREN,PT Kresna Graha Investama Tbk,kresna graha investama
KUAS,PT Ace Oldfields Tbk,ace oldfields
LABA,PT Ladangbaja Murni Tbk,ladangbaja murni
LAND,PT Trimitra Propertindo Tbk,trimitra propertindo
LAPD,PT Leyand International Tbk,leyand international
LCGP,PT Eureka Prima Jakarta Tbk,eureka prima jakarta
LCKM,PT LCK Global Kedaton Tbk,lck global kedaton
LEAD,PT Logindo Samudramakmur Tbk,logindo samudramakmur
LFLO,PT Imago Mulia Persada Tbk,imago mulia persada
LIFE,PT Asuransi Jiwa Sinarmas MSIG Tbk,asuransi jiwa sinarmas msig
LINK,PT Link Net Tbk,link net
LION,PT Lion Metal Works Tbk,lion metal works
LMAS,PT Limas Indonesia Makmur Tbk,limas indonesia makmur
LMPI,PT Langgeng Makmur Industri Tbk,langgeng makmur industri
LMSH,PT Lionmesh Prima Tbk,lionmesh prima
LPCK,PT Lippo Cikarang Tbk,lippo cikarang
LPGI,PT Lippo General Insurance Tbk,lippo general insurance
LPIN,PT Multi Prima Sejahtera Tbk,multi prima sejahtera
LPKR,PT Lippo Karawaci Tbk,lippo karawaci
LPLI,PT Star Pacific Tbk,star pacific
LPPF,PT Matahari Department Store Tbk,matahari department store
LPPS,PT Lenox Pasifik Investama Tbk,lenox pasifik investama
LRNA,PT Eka Sari Lorena Transport Tbk,eka sari lorena transport
LSIP,PT Perusahaan Perkebunan London Sumatra Indonesia Tbk,perusahaan perkebunan london sumatra indonesia
LTLS,PT Lautan Luas Tbk,lautan luas
LUCK,PT Sentral Mitra Informatika Tbk,sentral mitra informatika
LUCY,PT Lima Dua Lima Tiga Tbk,lima dua lima tiga
MABA,PT Marga Abhinaya Abadi Tbk,marga abhinaya abadi
MAGP,PT Multi Agro Gemilang Plantation Tbk,multi agro gemilang plantation
MAIN,PT Malindo Feedmill Tbk,malindo feedmill
MAMI,"PT Mas Murni Indonesia, Tbk","mas murni indonesia,"
MAPA,PT Map Aktif Adiperkasa Tbk,map aktif adiperkasa
MAPB,PT Map Boga Adiperkasa Tbk,map boga adiperkasa
MAPI,PT Mitra Adiperkasa Tbk,mitra adiperkasa
MARI,PT Mahaka Radio Integra Tbk,mahaka radio integra
MARK,PT Mark Dynamics Indonesia Tbk,mark dynamics indonesia
MASA,PT Multistrada Arah Sarana Tbk,multistrada arah sarana
MASB,PT Bank Multiarta Sentosa,bank multiarta sentosa
MAYA,PT Bank Mayapada Internasional Tbk,bank mayapada internasional
MBAP,PT Mitrabara Adiperdana Tbk,mitrabara adiperdana
MBSS,PT Mitrabahtera Segara Sejati Tbk,mitrabahtera segara sejati
MBTO,PT Martina Berto Tbk,martina berto
MCAS,PT M Cash Integrasi Tbk,m cash integrasi
MCOL,PT Prima Andalan Mandiri Tbk,prima andalan mandiri
MCOR,PT Bank China Construction Bank Indonesia Tbk,bank china construction bank indonesia
MDIA,PT Intermedia Capital Tbk,intermedia capital
MDKA,PT Merdeka Copper Gold Tbk,merdeka copper gold
MDKI,PT Emdeki Utama Tbk,emdeki utama
MDLN,PT Modernland Realty Tbk,modernland realty
MDRN,PT Modern Internasional Tbk,modern internasional
MEDC,PT Medco Energi Internasional Tbk,medco energi internasional
MEGA,PT Bank Mega Tbk,bank mega
MERK,PT Merck Tbk,merck
META,PT Nusantara Infrastructure Tbk,nusantara infrastructure
MFIN,Pt Mandala Multifinance Tbk,pt mandala multifinance
MFMI,PT Multifiling Mitra Indonesia Tbk,multifiling mitra indonesia
MGLV,PT Panca Anugrah Wisesa Tbk,panca anugrah wisesa
MGNA,PT Magna Investama Mandiri Tbk,magna investama mandiri
MGRO,PT Mahkota Group Tbk,mahkota group
MICE,PT Multi Indocitra Tbk,multi indocitra
MIDI,PT Midi Utama Indonesia Tbk,midi utama indonesia
MIKA,PT Mitra Keluarga Karyasehat Tbk,mitra keluarga karyasehat
MINA,PT Sanurhasta Mitra Tbk,sanurhasta mitra
MIRA,PT Mitra International Resources Tbk,mitra international resources
MITI,PT Mitra Investindo Tbk,mitra investindo
MKNT,PT Mitra Komunikasi Nusantara Tbk,mitra komunikasi nusantara
MKPI,PT Metropolitan Kentjana Tbk,metropolitan kentjana
MLBI,PT Multi Bintang Indonesia Tbk,multi bintang indonesia
MLIA,PT Mulia Industrindo Tbk,mulia industrindo
MLPL,PT Multipolar Tbk,multipolar
MLPT,PT Multipolar Technology Tbk,multipolar technology
MMLP,PT Mega Manunggal Property Tbk,mega manunggal property
MNCN,PT Media Nusantara Citra Tbk,media nusantara citra
MOLI,PT Madusari Murni Indah Tbk,madusari murni indah
MPMX,PT Mitra Pinasthika Mustika Tbk,mitra pinasthika mustika
MPOW,PT Megapower Makmur Tbk,megapower makmur
MPPA,PT Matahari Putra Prima Tbk,matahari putra prima
MPRO,PT Maha Properti Indonesia Tbk,maha properti indonesia
MRAT,PT Mustika Ratu Tbk,mustika ratu
MREI,PT Maskapai Reasuransi Indonesia Tbk,maskapai reasuransi indonesia
MSIN,PT MNC Studios International Tbk,mnc studios international
MSKY,PT MNC Sky Vision Tbk,mnc sky vision
MTDL,PT Metrodata Electronics Tbk,metrodata electronics
MTEL,Dayamitra Telekomunikasi Tbk,dayamitra telekomunikasi
MTFN,PT Capitalinc Investment Tbk,capitalinc investment
MTLA,PT Metropolitan Land Tbk,metropolitan land
MTPS,PT Meta Epsi Tbk,meta epsi
MTRA,PT Mitra Pemuda Tbk,mitra pemuda
MTSM,PT Metro Realty Tbk,metro realty
MTWI,PT Malacca Trust Wuwungan Insurance Tbk,malacca trust wuwungan insurance
MYOH,PT Samindo Resources Tbk,samindo resources
MYOR,PT Mayora Indah Tbk,mayora indah
MYRX,PT Hanson International Tbk,hanson international
MYTX,PT Asia Pacific Investama Tbk,asia pacific investama
NASA,PT Ayana Land International Tbk,ayana land international
NASI,Wahana Inti Makmur Tbk,wahana inti makmur
NATO,PT Surya Permata Andalan Tbk,surya permata andalan
NELY,PT Pelayaran Nelly Dwi Putri Tbk,pelayaran nelly dwi putri
NFCX,PT NFC Indonesia Tbk,nfc indonesia
NICK,PT Charnic Capital Tbk,charnic capital
NICL,PT PAM Mineral Tbk,pam mineral
NIKL,PT Pelat Timah Nusantara Tbk,pelat timah nusantara
NIRO,PT City Retail Developments Tbk,city retail developments
NISP,PT Bank OCBC NISP Tbk,bank ocbc nisp
NOBU,PT Bank Nationalnobu Tbk,bank nationalnobu
NPGF,PT Nusa Palapa Gemilang Tbk,nusa palapa gemilang
NRCA,PT Nusa Raya Cipta Tbk,nusa raya cipta
NUSA,PT Sinergi Megah Internusa Tbk,sinergi megah internusa
NZIA,PT Nusantara Almazia Tbk,nusantara almazia
OASA,PT Protech Mitra Perkasa Tbk,protech mitra perkasa
OBMD,OBM Drilchem Tbk,obm drilchem
OCAP,PT Onix Capital Tbk,onix capital
OILS,PT Indo Oil Perkasa Tbk,indo oil perkasa
OKAS,PT Ancora Indonesia Resources Tbk,ancora indonesia resources
OMRE,PT Indonesia Prima Property Tbk,indonesia prima property
OPMS,PT Optima Prima Metal Sinergi Tbk,optima prima metal sinergi
PADI,PT Minna Padi Investama Sekuritas Tbk,minna padi investama sekuritas
PALM,PT Provident Agro Tbk,provident agro
PAMG,PT Bima Sakti Pertiwi Tbk,bima sakti pertiwi
PANI,PT Pratama Abadi Nusa Industri Tbk,pratama abadi nusa industri
PANR,PT Panorama Sentrawisata Tbk,panorama sentrawisata
PANS,PT Panin Sekuritas Tbk,panin sekuritas
PBID,PT Panca Budi Idaman Tbk,panca budi idaman
PBRX,PT Pan Brothers Tbk,pan brothers
PBSA,PT Paramita Bangun Sarana Tbk,paramita bangun sarana
PCAR,PT Prima Cakrawala Abadi Tbk,prima cakrawala abadi
PDES,PT Destinasi Tirta Nusantara Tbk,destinasi tirta nusantara
PEGE,PT Panca Global Kapital Tbk,panca global kapital
PEHA,PT Phapros Tbk,phapros
PGAS,PT Perusahaan Gas Negara Tbk,perusahaan gas negara
PGJO,PT Tourindo Guide Indonesia Tbk,tourindo guide indonesia
PGLI,PT Pembangunan Graha Lestari Indah Tbk,pembangunan graha lestari indah
PGUN,PT Pradiksi Gunatama Tbk,pradiksi gunatama
PICO,PT Pelangi Indah Canindo Tbk,pelangi indah canindo
PJAA,PT Pembangunan Jaya Ancol Tbk,pembangunan jaya ancol
PKPK,PT Perdana Karya Perkasa Tbk,perdana karya perkasa
PLAN,PT Planet Properindo Jaya Tbk,planet properindo jaya
PLAS,PT Polaris Investama Tbk,polaris investama
PLIN,PT Plaza Indonesia Realty Tbk,plaza indonesia realty
PMJS,PT Putra Mandiri Jembar Tbk,putra mandiri jembar
PMMP,PT Panca Mitra Multiperdana Tbk,panca mitra multiperdana
PNBN,PT Bank Pan Indonesia Tbk,bank pan indonesia
PNBS,PT Bank Panin Dubai Syariah Tbk,bank panin dubai syariah
PNGO,PT PINAGO UTAMA Tbk,pinago utama
PNIN,PT Paninvest Tbk,paninvest
PNLF,PT Panin Financial Tbk,panin financial
PNSE,PT Pudjiadi and Sons Tbk,pudjiadi and sons
POLA,PT Pool Advista Finance Tbk,pool advista finance
POLI,PT Pollux Investasi Internasional Tbk,pollux investasi internasional
POLL,PT Pollux Properti Indonesia Tbk,pollux properti indonesia
POLU,PT Golden Flower Tbk,golden flower
POLY,PT Asia Pacific Fibers Tbk,asia pacific fibers
POOL,PT Pool Advista Indonesia Tbk,pool advista indonesia
PORT,PT Nusantara Pelabuhan Handal Tbk,nusantara pelabuhan handal
POSA,PT Bliss Properti Indonesia Tbk,bliss properti indonesia
POWR,PT Cikarang Listrindo Tbk,cikarang listrindo
PPGL,PT Prima Globalindo Logistik Tbk,prima globalindo logistik
PPRE,PT PP Presisi Tbk,pp presisi
PPRO,PT Pembangunan Perumahan Properti Tbk,pembangunan perumahan properti
PRAS,PT Prima Alloy Steel Universal Tbk,prima alloy steel universal
PRDA,PT Prodia Widyahusada Tbk,prodia widyahusada
PRIM,PT Royal Prima Tbk,royal prima
PSAB,PT J Resources Asia Pasifik Tbk,j resources asia pasifik
PSDN,PT Prasidha Aneka Niaga Tbk,prasidha aneka niaga
PSGO,PT Palma Serasih Tbk,palma serasih
PSKT,PT Red Planet Indonesia Tbk,red planet indonesia
PSSI,PT Pelita Samudera Shipping Tbk,pelita samudera shipping
PTBA,PT Bukit Asam Tbk,bukit asam
PTDU,PT Djasa Ubersakti Tbk,djasa ubersakti
PTIS,PT Indo Straits Tbk,indo straits
PTPP,PT PP,
PTPW,PT Pratama Widya Tbk,pratama widya
PTRO,PT Petrosea Tbk,petrosea
PTSN,PT Sat Nusapersada Tbk,sat nusapersada
PTSP,PT Pioneerindo Gourmet International Tbk,pioneerindo gourmet international
PUDP,PT Pudjiadi Prestige Tbk,pudjiadi prestige
PURA,PT Putra Rajawali Kencana Tbk,putra rajawali kencana
PURE,PT Trinitan Metals and Minerals Tbk,trinitan metals and minerals
PURI,PT Puri Global Sukses Tbk,puri global sukses
PWON,PT Pakuwon Jati Tbk,pakuwon jati
PYFA,PT Pyridam Farma Tbk,pyridam farma
PZZA,PT Sarimelati Kencana Tbk.,sarimelati kencana.
RAJA,PT Rukun Raharja Tbk,rukun raharja
RALS,PT Ramayana Lestari Sentosa Tbk,ramayana lestari sentosa
RANC,PT Supra Boga Lestari Tbk,supra boga lestari
RBMS,PT Ristia Bintang Mahkotasejati Tbk,ristia bintang mahkotasejati
RDTX,PT Roda Vivatex Tbk,roda vivatex
REAL,PT Repower Asia Indonesia Tbk,repower asia indonesia
RELI,PT Reliance Sekuritas Indonesia Tbk,reliance sekuritas indonesia
RICY,PT Ricky Putra Globalindo Tbk,ricky putra globalindo
RIGS,PT Rig Tenders Indonesia Tbk,rig tenders indonesia
RIMO,PT Rimo International Lestari Tbk,rimo international lestari
RISE,PT Jaya Sukses Makmur Sentosa Tbk,jaya sukses makmur sentosa
RMBA,PT Bentoel Internasional Investama Tbk,bentoel internasional investama
RMKE,RMK Energy Tbk,rmk energy
ROCK,PT Rockfields Properti Indonesia Tbk,rockfields properti indonesia
RODA,PT Pikko Land Development Tbk,pikko land development
RONY,PT Aesler Grup Internasional Tbk,aesler grup internasional
ROTI,PT Nippon Indosari Corpindo Tbk,nippon indosari corpindo
RSGK,PT Kedoya Adyaraya Tbk,kedoya adyaraya
RUIS,PT Radiant Utama Interinsco Tbk,radiant utama interinsco
RUNS,PT Global Sukses Solusi Tbk,global sukses solusi
SAFE,PT Steady Safe Tbk,steady safe
SAME,PT Sarana Meditama Metropolitan Tbk,sarana meditama metropolitan
SAMF,PT Saraswanti Anugerah Makmur Tbk,saraswanti anugerah makmur
SAPX,PT Satria Antaran Prima Tbk,satria antaran prima
SATU,PT Kota Satu Properti Tbk,kota satu properti
SBAT,PT Sejahtera Bintang Abadi Textile Tbk,sejahtera bintang abadi textile
SBMA,PT Surya Biru Murni Acetylene Tbk,surya biru murni acetylene
SCCO,PT Supreme Cable Manufacturing & Commerce Tbk,supreme cable manufacturing & commerce
SCMA,PT Surya Citra Media Tbk,surya citra media
SCNP,PT Selaras Citra Nusantara Perkasa Tbk,selaras citra nusantara perkasa
SDMU,PT Sidomulyo Selaras Tbk,sidomulyo selaras
SDPC,PT Millennium Pharmacon International Tbk,millennium pharmacon international
SDRA,PT Bank Woori Saudara Indonesia 1906 Tbk,bank woori saudara indonesia 1906
SFAN,PT Surya Fajar Capital Tbk,surya fajar capital
SGER,PT Sumber Global Energy Tbk,sumber global energy
SGRO,PT Sampoerna Agro Tbk,sampoerna agro
SHID,PT Hotel Sahid Jaya International Tbk,hotel sahid jaya international
SHIP,PT Sillo Maritime Perdana Tbk,sillo maritime perdana
SIDO,PT Industri Jamu dan Farmasi Sido Muncul Tbk,industri jamu dan farmasi sido muncul
SILO,PT Siloam International Hospitals Tbk,siloam international hospitals
SIMA,PT Siwani Makmur Tbk,siwani makmur
SIMP,PT Salim Ivomas Pratama Tbk,salim ivomas pratama
SINI,PT Singaraja Putra Tbk,singaraja putra
SIPD,PT Sreeya Sewu Indonesia Tbk,sreeya sewu indonesia
SKBM,PT Sekar Bumi Tbk,sekar bumi
SKLT,PT Sekar Laut Tbk,sekar laut
SKRN,PT Superkrane Mitra Utama Tbk,superkrane mitra utama
SKYB,PT Northcliff Citranusa Indonesia Tbk,northcliff citranusa indonesia
SLIS,PT Gaya Abadi Sempurna Tbk,gaya abadi sempurna
SMAR,PT Sinar Mas Agro Resources and Technology Tbk,sinar mas agro resources and technology
SMBR,PT Semen Baturaja,semen baturaja
SMCB,PT Solusi Bangun Indonesia Tbk,solusi bangun indonesia
SMDM,PT Suryamas Dutamakmur Tbk,suryamas dutamakmur
SMDR,PT Samudera Indonesia Tbk,samudera indonesia
SMGR,PT Semen Indonesia,semen indonesia
SMKL,PT Satyamitra Kemas Lestari Tbk,satyamitra kemas lestari
SMMA,PT Sinar Mas Multiartha Tbk,sinar mas multiartha
SMMT,PT Golden Eagle Energy Tbk,golden eagle energy
SMRA,PT Summarecon Agung Tbk,summarecon agung
SMRU,PT SMR Utama Tbk,smr utama
SMSM,PT Selamat Sempurna Tbk,selamat sempurna
SNLK,PT Sunter Lakeside Hotel Tbk,sunter lakeside hotel
SOCI,PT Soechi Lines Tbk,soechi lines
SOFA,PT Boston Furniture Industries Tbk,boston furniture industries
SOHO,PT Soho Global Health Tbk,soho global health
SONA,PT Sona Topas Tourism Industry Tbk,sona topas tourism industry
SOSS,PT Shield on Service Tbk,shield on service
SOTS,PT Satria Mega Kencana Tbk,satria mega kencana
SPMA,PT Suparma Tbk,suparma
SPTO,PT Surya Pertiwi Tbk,surya pertiwi
SQMI,PT Wilton Makmur indonesia Tbk,wilton makmur indonesia
SRAJ,PT Sejahteraraya Anugrahjaya Tbk,sejahteraraya anugrahjaya
SRIL,PT Sri Rejeki Isman Tbk,sri rejeki isman
SRSN,PT Indo Acidatama Tbk,indo acidatama
SRTG,PT Saratoga Investama Sedaya Tbk,saratoga investama sedaya
SSIA,PT Surya Semesta Internusa Tbk,surya semesta internusa
SSMS,PT Sawit Sumbermas Sarana Tbk,sawit sumbermas sarana
SSTM,PT Sunson Textile Manufacturer Tbk,sunson textile manufacturer
STAR,PT Buana Artha Anugerah Tbk,buana artha anugerah
STTP,PT Siantar Top Tbk,siantar top
SUGI,PT Sugih Energy Tbk,sugih energy
SULI,PT SLJ Global Tbk,slj global
SUPR,PT Solusi Tunas Pratama Tbk,solusi tunas pratama
SURE,PT Super Energy Tbk,super energy
SWAT,PT Sriwahana Adityakarta Tbk,sriwahana adityakarta
TALF,PT Tunas Alfin Tbk,tunas alfin
TAMA,PT Lancartama Sejati Tbk,lancartama sejati
TAMU,PT Pelayaran Tamarin Samudra Tbk,pelayaran tamarin samudra
TAPG,PT Triputra Agro Persada Tbk,triputra agro persada
TARA,PT Sitara Propertindo Tbk,sitara propertindo
TAXI,PT Express Transindo Utama Tbk,express transindo utama
TAYS,Jaya Swarasa Agung Tbk,jaya swarasa agung
TBIG,PT Tower Bersama Infrastructure Tbk,tower bersama infrastructure
TBLA,PT Tunas Baru Lampung Tbk,tunas baru lampung
TBMS,PT Tembaga Mulia Semanan Tbk,tembaga mulia semanan
TCID,PT Mandom Indonesia Tbk,mandom indonesia
TCPI,PT Transcoal Pacific Tbk,transcoal pacific
TDPM,PT Tridomain Performance Materials Tbk,tridomain performance materials
TEBE,PT Dana Brata Luhur Tbk,dana brata luhur
TECH,PT Indosterling Technomedia TBK,indosterling technomedia tbk
TELE,PT Tiphone Mobile Indonesia Tbk,tiphone mobile indonesia
TFAS,PT Telefast Indonesia Tbk,telefast indonesia
TFCO,PT Tifico Fiber Indonesia Tbk,tifico fiber indonesia
TGKA,PT Tigaraksa Satria Tbk,tigaraksa satria
TGRA,PT Terregra Asia Energy Tbk,terregra asia energy
TIFA,PT KDB Tifa Finance Tbk,kdb tifa finance
TINS,PT TIMAH Tbk,timah
TIRA,PT Tira Austenite Tbk,tira austenite
TIRT,PT Tirta Mahakam Resources Tbk,tirta mahakam resources
TKIM,PT Pabrik Kertas Tjiwi Kimia Tbk,pabrik kertas tjiwi kimia
TLKM,Perusahaan Perseroan,perusahaan perseroan
TMAS,PT Temas Tbk,temas
TMPO,PT Tempo Inti Media Tbk,tempo inti media
TNCA,PT Trimuda Nuansa Citra Tbk,trimuda nuansa citra
TOBA,PT TBS Energi Utama Tbk,tbs energi utama
TOPS,PT Totalindo Eka Persada Tbk,totalindo eka persada
TOTL,PT Total Bangun Persada Tbk,total bangun persada
TOTO,PT Surya Toto Indonesia Tbk,surya toto indonesia
TOWR,PT Sarana Menara Nusantara Tbk,sarana menara nusantara
TOYS,PT Sunindo Adipersada Tbk,sunindo adipersada
TPIA,PT Chandra Asri Petrochemical Tbk,chandra asri petrochemical
TPMA,PT Trans Power Marine Tbk,trans power marine
TRAM,PT Trada Alam Minera Tbk,trada alam minera
TRIM,PT Trimegah Sekuritas Indonesia Tbk,trimegah sekuritas indonesia
TRIN,PT Perintis Triniti Properti Tbk,perintis triniti properti
TRIS,PT Trisula International Tbk,trisula international
TRJA,PT Transkon Jaya Tbk,transkon jaya
TRST,PT Trias Sentosa Tbk,trias sentosa
TRUE,PT Triniti Dinamik,triniti dinamik
TRUK,PT Guna Timur Raya Tbk,guna timur raya
TRUS,PT Trust Finance Indonesia Tbk,trust finance indonesia
TSPC,PT Tempo Scan Pacific Tbk,tempo scan pacific
TUGU,PT Asuransi Tugu Pratama Indonesia Tbk,asuransi tugu pratama indonesia
TURI,PT Tunas Ridean Tbk,tunas ridean
UANG,PT Pakuan Tbk,pakuan
UCID,PT Uni-Charm Indonesia Tbk,uni-charm indonesia;uni charm indonesia
UFOE,PT Damai Sejahtera Abadi Tbk,damai sejahtera abadi
ULTJ,PT Ultrajaya Milk Industry & Trading Company Tbk,ultrajaya milk industry & trading company
UNIC,PT Unggul Indah Cahaya Tbk,unggul indah cahaya
UNIQ,PT Ulima Nitra Tbk,ulima nitra
UNIT,PT Nusantara Inti Corpora Tbk,nusantara inti corpora
UNSP,PT Bakrie Sumatera Plantations Tbk,bakrie sumatera plantations
UNTR,PT United Tractors Tbk,united tractors
UNVR,PT Unilever Indonesia Tbk,unilever indonesia
URBN,PT Urban Jakarta Propertindo Tbk,urban jakarta propertindo
UVCR,PT Trimegah Karya Pratama Tbk,trimegah karya pratama
VICI,PT Victoria Care Indonesia Tbk,victoria care indonesia
VICO,PT Victoria Investama Tbk,victoria investama
VINS,PT Victoria Insurance Tbk,victoria insurance
VIVA,PT Visi Media Asia Tbk,visi media asia
VOKS,PT Voksel Electric Tbk,voksel electric
VRNA,PT Verena Multi Finance Tbk,verena multi finance
WAPO,PT Wahana Pronatural Tbk,wahana pronatural
WEGE,PT Wijaya Karya Bangunan Gedung Tbk,wijaya karya bangunan gedung
WEHA,PT WEHA Transportasi Indonesia Tbk,weha transportasi indonesia
WGSH,PT Wira Global Solusi Tbk,wira global solusi
WICO,Pt Wicaksana Overseas International Tbk,pt wicaksana overseas international
WIFI,PT Solusi Sinergi Digital Tbk,solusi sinergi digital
WIIM,PT Wismilak Inti Makmur Tbk,wismilak inti makmur
WIKA,PT Wijaya Karya,wijaya karya
WINS,PT Wintermar Offshore Marine Tbk,wintermar offshore marine
WMPP,PT Widodo Makmur Perkasa Tbk,widodo makmur perkasa
WMUU,PT Widodo Makmur Unggas Tbk,widodo makmur unggas
WOMF,PT Wahana Ottomitra Multiartha Tbk,wahana ottomitra multiartha
WOOD,PT Integra Indocabinet Tbk,integra indocabinet
WOWS,PT Ginting Jaya Energi Tbk,ginting jaya energi
WSBP,PT Waskita Beton Precast Tbk,waskita beton precast
WSKT,PT Waskita Karya,waskita karya
WTON,PT Wijaya Karya Beton Tbk,wijaya karya beton
YELO,PT Yelooo Integra Datanet Tbk,yelooo integra datanet
YPAS,PT Yanaprima Hastapersada Tbk,yanaprima hastapersada
YULE,PT Yulie Sekuritas Indonesia Tbk,yulie sekuritas indonesia
ZBRA,PT Zebra Nusantara Tbk,zebra nusantara
ZINC,PT Kapuas Prima Coal Tbk,kapuas prima coal
ZONE,PT Mega Perintis Tbk,mega perintis
ZYRX,PT Zyrexindo Mandiri Buana Tbk,zyrexindo mandiri buana
